2016 16 FIAT DUCATO 2.3 35 P/V H/R MULTIJET II 129 BHP,"£12,000"
2013 63 HARLEY-DAVIDSON VR 1247cc VRSCF V-ROD MUSCLE,"£10,991"
2017 17 HONDA CBR1000RR FIREBLADE RA-H 188 BHP NEW SHAPE,"£10,791"
2013 13 BMW R1200GS ADVENTURE 1200CC,"£9,991"
2016 16 YAMAHA FJR1300 1300cc AS,"£9,991"
2016 66 DUCATI PANIGALE 959CC 0% DEPOSIT FINANCE AVAILABLE,"£9,791"
2015 65 APRILIA TUONO V4 1100,"£9,491"
2015 15 KTM SUPERDUKE 1290cc R 15,"£9,491"
2017 17 YAMAHA MT-10  MTN 1000cc,"£9,491"
2016 16 KAWASAKI ZZR1400  FFF ABS,"£9,391"
2017 17 TRIUMPH BOBBER 1200cc BONNEVILLE,"£9,391"
2014 14 DUCATI 899 PANIGALE 899CC,"£9,291"
2016 66 SUZUKI GSX1300R HAYABUSA 1300CC 0% DEPOSIT FINANCE AVAILABLE,"£9,191"
2017 67 TRIUMPH BOBBER 1200cc BONNEVILLE BOBBER,"£9,191"
2010 10 DUCATI 1198 1198cc S,"£8,991"
2014 14 DUCATI 899 PANIGALE 899cc,"£8,991"
2017 17 DUCATI SUPERSPORT 937cc  108 BHP,"£8,991"
2015 15 SUZUKI Intruder 1800  VZR 1800cc  BZ L4,"£8,991"
2017 67 TRIUMPH ADVENTURER 800cc TIGER  XRx 93 BHP,"£8,991"
2013 63 DUCATI DIAVEL 1200cc,"£8,891"
2017 17 KAWASAKI ZX-6R 600CC EGF,"£8,391"
2013 63 BMW R1200GS 1200CC 0% DEPOSIT FINANCE AVAILABLE,"£8,291"
2011 11 BMW S1000RR 1000CC,"£8,291"
2016 16 HARLEY-DAVIDSON SPORTSTER XL 1200 N IRON (883 conversion),"£8,291"
2013 13 HONDA ST1300 PAN EUROPEAN 1300cc,"£8,291"
2015 15 KAWASAKI ZX-10R JFF,"£8,291"
2014 64 KAWASAKI ZZR1400 1400cc,"£8,291"
2014 14 SUZUKI GSX1300R HAYABUSA 1300cc,"£8,291"
2016 16 SUZUKI VL1500 INTRUDER 1500CC 0% DEPOSIT FINANCE AVAILABLE,"£8,291"
2016 16 TRIUMPH BONNEVILLE 1200cc T120,"£8,291"
2012 12 YAMAHA R1 1000CC YZF,"£8,291"
2012 12 YAMAHA R1 YZF 1000CC,"£8,291"
2014 14 BMW R NINE T 1170CC,"£8,191"
2015 15 BMW R NINE T 1200CC,"£8,191"
2015 65 HONDA CBR1000RR FIREBLADE 1000CC 0% DEPOSIT FINANCE AVAILABLE,"£8,191"
2017 17 BMW F800GS 800cc,"£7,991"
2011 61 BMW R1200GS 1200CC,"£7,991"
2010 10 BMW S1000RR 1000cc,"£7,991"
2012 12 DUCATI MULTISTRADA 1200 S TOURIN,"£7,991"
2018 KAWASAKI ZX-6R 600CC,"£7,991"
2010 60 MV AGUSTA F4 1000 RR,"£7,991"
2017 17 SUZUKI GSX-S1000 AL8 ABS,"£7,991"
2015 15 SUZUKI Intruder 1500  VL 1500cc BTL5,"£7,991"
2016 16 TRIUMPH SPEED TRIPLE 1050cc,"£7,991"
2010 10 YAMAHA R1 BIG BANG 1000CC,"£7,991"
2009 09 DUCATI 1198 1198cc S,"£7,791"
2017 17 SUZUKI GSXR600 600CC 0% DEPOSIT FINANCE AVAILABLE,"£7,791"
2011 61 YAMAHA R1 1000cc YZF,"£7,791"
2017 17 HONDA CB1100 NA-H 88 BHP,"£7,691"
2015 15 TRIUMPH DAYTONA 675 R ABS,"£7,591"
2009 APRILIA RSV 1000cc RSV 4 FACTORY,"£7,491"
2011 11 APRILIA RSV4 1000cc  R,"£7,491"
2008 58 DUCATI 1098 1099cc,"£7,491"
2013 13 DUCATI MULTISTRADA  1200cc,"£7,491"
2016 66 HONDA VFR800X CROSSRUNNER 800cc,"£7,491"
2012 12 KTM SUPERDUKE 990CC,"£7,491"
2015 15 SUZUKI GSXR600 600cc MOTO GP EDITION,"£7,491"
2016 16 SUZUKI GSXR600  L6,"£7,491"
2016 16 SUZUKI GSXR600 MOTO GP,"£7,491"
2012 12 TRIUMPH THUNDERBIRD SPORT 1600 ABS,"£7,491"
2009 59 APRILIA RSV4 1000cc  R,"£7,291"
2016 16 HONDA CBR600RR 600CC 0% DEPOSIT FINANCE AVAILABLE,"£7,291"
2015 15 KAWASAKI Z1000 1000cc,"£7,291"
2016 66 HONDA CB1000R RA-F,"£7,191"
2014 14 SUZUKI GSXR750 L4,"£7,191"
2018 18 YAMAHA MT-09 900CC  ABS 112 BHP,"£7,191"
2018 18 YAMAHA MT-09 900cc ABS,"£7,191"
2017 17 HARLEY-DAVIDSON SPORTSTER 883cc XL 883 N IRON 17,"£7,091"
2017 17 DUCATI MONSTER M797 803CC,"£6,991"
2013 13 DUCATI STREETFIGHTER 848cc,"£6,991"
2012 62 KAWASAKI ZX-10R 1000cc,"£6,991"
2012 12 KAWASAKI ZZR1400 FCF ABS,"£6,991"
2015 65 KTM ADVENTURE 1050CC,"£6,991"
2015 15 TRIUMPH DAYTONA 675cc ABS,"£6,991"
2017 17 TRIUMPH STREET TRIPLE 765CC  S 111 BHP,"£6,991"
2017 66 YAMAHA TRACER 900 MT-09 ABS,"£6,991"
2014 14 YAMAHA XVS1300 MIDNIGHT STAR,"£6,991"
2015 62 TRIUMPH EXPLORER 1215,"£6,900"
2009 09 SUZUKI GSX1300R B-KING 0% DEPOSIT FINANCE AVAILABLE,"£6,791"
2017 17 TRIUMPH BONNEVILLE 865cc T100,"£6,791"
2014 14 TRIUMPH TIGER SPORT 1050,"£6,791"
2011 11 BMW K1300S 1300CC,"£6,691"
2015 15 SUZUKI GSX-S1000  AL6 ABS,"£6,691"
2012 12 HONDA VFR1200X CROSSTOURER 1200CC 0% DEPOSIT FINANCE AVAILABLE,"£6,591"
2011 11 YAMAHA FJR1300 1300cc,"£6,591"
2017 17 YAMAHA XV950 R ABS,"£6,591"
2012 62 BMW R1200RT MU 1200CC 0% DEPOSIT FINANCE AVAILABLE,"£6,491"
2013 13 DUCATI HYPERMOTARD 821cc,"£6,491"
2017 17 KAWASAKI Z800 800cc ABS E VERSION,"£6,491"
2018 MV AGUSTA F4 1000CC  RR,"£6,491"
2013 63 SUZUKI GSXR750 750CC,"£6,491"
2017 17 TRIUMPH BONNEVILLE NEWCHURCH 865,"£6,491"
2014 64 TRIUMPH DAYTONA 675cc,"£6,491"
2016 65 YAMAHA XJR1300 1300CC 0% DEPOSIT FINANCE AVAILABLE,"£6,491"
2009 09 SUZUKI GSX1300 B-KING 1300cc,"£6,291"
2009 09 TRIUMPH THUNDERBIRD 1600CC,"£6,291"
2015 15 YAMAHA TRACER 900 900cc MT-09  ABS,"£6,291"
2010 10 HARLEY-DAVIDSON SPORTSTER 1202cc XL NIGHTSTER,"£6,191"
2014 14 HONDA VFR800F 800cc,"£6,191"
2016 16 SUZUKI GSX1250 FAL5,"£6,191"
2012 12 KAWASAKI ZZR1400 DAF ABS,"£6,091"
2011 61 SUZUKI GSXR1000 1000CC 0% DEPOSIT FINANCE AVAILABLE,"£6,091"
2011 11 BMW K 1300 S 1300cc s,"£5,991"
"2007 57 DUCATI 1098, 0% DEPOSIT FINANCE AVAILABLE","£5,991"
2012 62 DUCATI MONSTER M1100 E-A,"£5,991"
2017 17 DUCATI SCRAMBLER ICON 803CC,"£5,991"
2015 64 HARLEY-DAVIDSON SPORTSTER XL 883 N IRON 15,"£5,991"
2015 65 HARLEY-DAVIDSON SPORTSTER XL 883 N IRON,"£5,991"
2012 12 HONDA VFR1200X CROSSTOURER 1200CC 0% DEPOSIT FINANCE AVAILABLE,"£5,991"
2007 57 HONDA VTX1800 1800CC,"£5,991"
2014 14 MV AGUSTA BRUTALE 675cc,"£5,991"
2017 17 SUZUKI GSX-S750  Z AL7,"£5,991"
2009 59 SUZUKI GSXR1000,"£5,991"
2012 12 SUZUKI GSXR600 599cc GSXR 600 L1,"£5,991"
2005 05 TRIUMPH ROCKET 111 2300CC,"£5,991"
2014 14 TRIUMPH SCRAMBLER 865cc BONNEVILLE,"£5,991"
2016 66 TRIUMPH STREET TRIPLE 675cc  ABS,"£5,991"
2014 14 TRIUMPH THRUXTON 865CC,"£5,991"
2011 11 YAMAHA R6 600CC YZF,"£5,991"
2016 16 DUCATI SCRAMBLER ICON 803CC,"£5,791"
